{
  "Georgia (country)": {
    "population": 36886474012104,
    "hdi": 0.8019999861717224
  },
  "China": {
    "population": 1410539758,
    "hdi": 0.7680000066757202
  },
  "India": {
    "population": 1375586000,
    "hdi": 0.6330000162124634
  },
  "Passports in Europe": {
    "population": 447206135
  },
  "United States": {
    "population": 331893745,
    "hdi": 0.9210000038146973
  },
  "Indonesia": {
    "population": 275773800,
    "hdi": 0.7049999833106995
  },
  "Pakistan": {
    "population": 242923845,
    "hdi": 0.5440000295639038
  },
  "Nigeria": {
    "population": 225082083,
    "hdi": 0.5389999747276306
  },
  "Brazil": {
    "population": 217240060,
    "hdi": 0.7540000081062317
  },
  "History of Brazil (1985–present)": {
    "population": 214047375,
    "hdi": 0.7649999856948853
  },
  "Russia": {
    "population": 147182123,
    "hdi": 0.8240000009536743
  },
  "History of Russia (1991–present)": {
    "population": 145478097,
    "hdi": 0.8240000009536743
  },
  "Mexico": {
    "population": 129150971,
    "hdi": 0.7580000162124634
  },
  "Japan": {
    "population": 124214766,
    "hdi": 0.925000011920929
  },
  "Ethiopia": {
    "population": 113656596,
    "hdi": 0.4850000143051147
  },
  "Democratic Republic of the Congo": {
    "population": 108407721,
    "hdi": 0.4790000021457672
  },
  "Egypt": {
    "population": 107770524,
    "hdi": 0.7310000061988831
  },
  "Vietnam": {
    "population": 103808319,
    "hdi": 0.7039999961853027
  },
  "Iran": {
    "population": 86758304,
    "hdi": 0.7739999890327454
  },
  "Turkey": {
    "population": 84680273,
    "hdi": 0.8379999995231628
  },
  "Germany": {
    "population": 83695430,
    "hdi": 0.9419999718666077
  },
  "History of Germany (1990–present)": {
    "population": 83190556,
    "hdi": 0.9470000267028809
  },
  "History of the Islamic Republic of Iran": {
    "population": 83183741,
    "hdi": 0.7829999923706055
  },
  "Korea": {
    "population": 77000000
  },
  "Thailand": {
    "population": 69648117,
    "hdi": 0.800000011920929
  },
  "France": {
    "population": 67897000,
    "hdi": 0.902999997138977
  },
  "United Kingdom": {
    "population": 67791400,
    "hdi": 0.9290000200271606
  },
  "Metropolitan France": {
    "population": 65250000
  },
  "Italy": {
    "population": 61095551,
    "hdi": 0.8949999809265137
  },
  "South Africa": {
    "population": 60604992,
    "hdi": 0.7129999995231628
  },
  "Myanmar": {
    "population": 57526449,
    "hdi": 0.5849999785423279
  },
  "Kenya": {
    "population": 55864655,
    "hdi": 0.574999988079071
  },
  "Colombia": {
    "population": 52156254,
    "hdi": 0.7519999742507935
  },
  "South Korea": {
    "population": 51844834,
    "hdi": 0.925000011920929
  },
  "Sudan": {
    "population": 47958856,
    "hdi": 0.5080000162124634
  },
  "Spain": {
    "population": 47163418,
    "hdi": 0.9049999713897705
  },
  "Algeria": {
    "population": 44700000,
    "hdi": 0.7450000047683716
  },
  "Ukraine": {
    "population": 41167336,
    "hdi": 0.7730000019073486
  },
  "Iraq": {
    "population": 40462701,
    "hdi": 0.6859999895095825
  },
  "Canada": {
    "population": 38929902,
    "hdi": 0.9359999895095825
  },
  "Afghanistan": {
    "population": 38346720,
    "hdi": 0.4779999852180481
  },
  "Polish People's Republic": {
    "population": 37970155,
    "hdi": 0.9100000262260437
  },
  "Morocco": {
    "population": 36767655,
    "hdi": 0.6830000281333923
  },
  "Uzbekistan": {
    "population": 35955400,
    "hdi": 0.7269999980926514
  },
  "Angola": {
    "population": 34795287,
    "hdi": 0.5809999704360962
  },
  "Malaysia": {
    "population": 33871431,
    "hdi": 0.8029999732971191
  },
  "Peru": {
    "population": 32275736,
    "hdi": 0.7620000243186951
  },
  "Ghana": {
    "population": 32103042,
    "hdi": 0.6320000290870667
  },
  "Mozambique": {
    "population": 31693239,
    "hdi": 0.4460000097751617
  },
  "Yemen": {
    "population": 30984689,
    "hdi": 0.4550000131130219
  },
  "Nepal": {
    "population": 30666598,
    "hdi": 0.6019999980926514
  },
  "Venezuela": {
    "population": 29789730,
    "hdi": 0.6909999847412109
  },
  "Cameroon": {
    "population": 29321637,
    "hdi": 0.5759999752044678
  },
  "Madagascar": {
    "population": 28172462,
    "hdi": 0.5009999871253967
  },
  "North Korea": {
    "population": 25955138
  },
  "Niger": {
    "population": 24484587,
    "hdi": 0.4000000059604645
  },
  "Taiwan": {
    "population": 23894394,
    "hdi": 0.9259999990463257
  },
  "Crime in Ivory Coast": {
    "population": 23740424
  },
  "Sri Lanka": {
    "population": 22156000,
    "hdi": 0.7820000052452087
  },
  "Syria": {
    "population": 21563800,
    "hdi": 0.5770000219345093
  },
  "Mali": {
    "population": 21473764,
    "hdi": 0.4280000030994415
  },
  "Malawi": {
    "population": 20091635,
    "hdi": 0.5120000243186951
  },
  "Zambia": {
    "population": 19642123,
    "hdi": 0.5649999976158142
  },
  "Kazakhstan": {
    "population": 19398331,
    "hdi": 0.824999988079071
  },
  "Romania": {
    "population": 19038098,
    "hdi": 0.8209999799728394
  },
  "Chile": {
    "population": 18430408,
    "hdi": 0.8550000190734863
  },
  "Chad": {
    "population": 17963211,
    "hdi": 0.3939999938011169
  },
  "Kingdom of the Netherlands": {
    "population": 17749262
  },
  "Guatemala": {
    "population": 17703190,
    "hdi": 0.6269999742507935
  },
  "Ecuador": {
    "population": 17289554,
    "hdi": 0.7400000095367432
  },
  "Senegal": {
    "population": 17196308,
    "hdi": 0.5109999775886536
  },
  "Somalia": {
    "population": 17066000,
    "hdi": 0.4309999942779541
  },
  "Cambodia": {
    "population": 16713015,
    "hdi": 0.5929999947547913
  },
  "Zimbabwe": {
    "population": 15121004,
    "hdi": 0.5929999947547913
  },
  "Benin": {
    "population": 13754688,
    "hdi": 0.5450000166893005
  },
  "Guinea": {
    "population": 13237832,
    "hdi": 0.4650000035762787
  },
  "Rwanda": {
    "population": 12955736,
    "hdi": 0.5339999794960022
  },
  "Bolivia": {
    "population": 12054379,
    "hdi": 0.6919999718666077
  },
  "Burundi": {
    "population": 11865821,
    "hdi": 0.4259999990463257
  },
  "Tunisia": {
    "population": 11708370,
    "hdi": 0.7400000095367432
  },
  "Belgium": {
    "population": 11584008,
    "hdi": 0.9309999942779541
  },
  "South Sudan": {
    "population": 11544905,
    "hdi": 0.3849999904632568
  },
  "Haiti": {
    "population": 11334637,
    "hdi": 0.5350000262260437
  },
  "Jordan": {
    "population": 11042719,
    "hdi": 0.7200000286102295
  },
  "Cuba": {
    "population": 11008112,
    "hdi": 0.7639999985694885
  },
  "Third Hellenic Republic": {
    "population": 10768477,
    "hdi": 0.8880000114440918
  },
  "Dominican Republic": {
    "population": 10694700,
    "hdi": 0.7670000195503235
  },
  "Czech Republic": {
    "population": 10516707,
    "hdi": 0.8889999985694885
  },
  "Sweden": {
    "population": 10481937,
    "hdi": 0.9470000267028809
  },
  "Azerbaijan": {
    "population": 10353296,
    "hdi": 0.7559999823570251
  },
  "Portugal": {
    "population": 10352042,
    "hdi": 0.8659999966621399
  },
  "Third Portuguese Republic": {
    "population": 10341330,
    "hdi": 0.8429999947547913
  },
  "Hungary": {
    "population": 9749763,
    "hdi": 0.8460000157356262
  },
  "Honduras": {
    "population": 9459440,
    "hdi": 0.6209999918937683
  },
  "Belarus": {
    "population": 9413505,
    "hdi": 0.8080000281333923
  },
  "United Arab Emirates": {
    "population": 9282410,
    "hdi": 0.9110000133514404
  },
  "Congo Free State": {
    "population": 9130000
  },
  "Tajikistan": {
    "population": 9119347,
    "hdi": 0.6850000023841858
  },
  "Austria": {
    "population": 9027999,
    "hdi": 0.9160000085830688
  },
  "Papua New Guinea": {
    "population": 8935000,
    "hdi": 0.5580000281333923
  },
  "Sierra Leone": {
    "population": 8692606,
    "hdi": 0.4769999980926514
  },